{
	"IcoMoonType": "selection",
	"icons": [
		{
			"icon": {
				"paths": [
					"M192 512h-192v256h192l320 256v-768z"
				],
				"width": 512,
				"grid": 0,
				"tags": [
					"volumemute"
				]
			},
			"properties": {
				"order": 1,
				"id": 11,
				"prevSize": 32,
				"code": 128263,
				"name": "volumemute",
				"ligatures": ""
			},
			"setIdx": 0,
			"iconIdx": 0
		},
		{
			"icon": {
				"paths": [
					"M192 512h-192v256h192l320 256v-768z",
					"M576 448v64c70.656 0 128 57.344 128 128s-57.344 128-128 128v64c106.048 0 192-86.016 192-191.936 0-106.112-85.952-192-192-192.064z",
					"M704 320v64c141.376 0 256 114.624 256 256s-114.624 256-256 256v64c176.768 0 320-143.232 320-320s-143.232-320-320-320z"
				],
				"grid": 0,
				"tags": [
					"volumemax"
				]
			},
			"properties": {
				"order": 2,
				"id": 10,
				"prevSize": 32,
				"code": 128265,
				"name": "volumemax",
				"ligatures": ""
			},
			"setIdx": 0,
			"iconIdx": 1
		},
		{
			"icon": {
				"paths": [
					"M192 512h-192v256h192l320 256v-768z",
					"M576 448v64c70.656 0 128 57.344 128 128s-57.344 128-128 128v64c106.048 0 192-86.016 192-191.936 0-106.112-85.952-192-192-192.064z"
				],
				"width": 768,
				"grid": 0,
				"tags": [
					"volume"
				]
			},
			"properties": {
				"order": 3,
				"id": 9,
				"prevSize": 32,
				"code": 128264,
				"name": "volume",
				"ligatures": ""
			},
			"setIdx": 0,
			"iconIdx": 2
		},
		{
			"icon": {
				"paths": [
					"M929.216 405.376l-97.216-52.608v31.232h-88.064l-512 448h-231.936v128h280.064l512-448h39.936v51.264l191.36-105.216z",
					"M929.216 853.376l-97.216-52.608v31.232h-103.936l-53.696-46.976-97.152 85.056 102.72 89.92h152.064v51.264l191.36-105.216z",
					"M0 384v128h167.936l117.696 102.976 97.152-85.056-166.72-145.92z"
				],
				"grid": 0,
				"tags": [
					"shuffle"
				]
			},
			"properties": {
				"order": 4,
				"id": 8,
				"prevSize": 32,
				"code": 10968,
				"name": "shuffle",
				"ligatures": ""
			},
			"setIdx": 0,
			"iconIdx": 3
		},
		{
			"icon": {
				"paths": [
					"M704 384h-84.608l-50.112-28.288-121.28-67.008v95.296h-128c-176.448 0-320 143.552-320 320s143.552 320 320 320h384c176.448 0 320-143.552 320-320s-143.552-320-320-320zM704 960h-384c-141.184 0-256-114.816-256-256s114.816-256 256-256h128v108.672l194.624-108.672h61.376c141.184 0 256 114.816 256 256s-114.816 256-256 256z"
				],
				"grid": 1,
				"tags": [
					"repeat"
				]
			},
			"properties": {
				"order": 5,
				"id": 7,
				"prevSize": 20,
				"code": 8734,
				"name": "repeat",
				"ligatures": ""
			},
			"setIdx": 0,
			"iconIdx": 4
		},
		{
			"icon": {
				"paths": [
					"M0 422.656v-69.952l63.36 34.944 61.952 35.008-125.312 70.080z",
					"M192 320h832v192h-832v-192z",
					"M0 678.656v-69.952l63.36 34.944 61.952 35.008-125.312 70.080z",
					"M192 576h832v192h-832v-192z",
					"M0 934.656v-69.952l63.36 34.944 61.952 35.008-125.312 70.080z",
					"M192 832h832v192h-832v-192z"
				],
				"grid": 0,
				"tags": [
					"playlist"
				]
			},
			"properties": {
				"order": 6,
				"id": 5,
				"prevSize": 32,
				"code": 8801,
				"name": "playlist",
				"ligatures": ""
			},
			"setIdx": 0,
			"iconIdx": 6
		},
		{
			"icon": {
				"paths": [
					"M0 646.72v-358.016l324.032 179.008 316.992 179.008-641.024 358.016z"
				],
				"width": 704,
				"grid": 0,
				"tags": [
					"play"
				]
			},
			"properties": {
				"order": 7,
				"id": 4,
				"prevSize": 32,
				"code": 8227,
				"name": "play",
				"ligatures": ""
			},
			"setIdx": 0,
			"iconIdx": 7
		},
		{
			"icon": {
				"paths": [
					"M0 256h256v768h-256v-768z",
					"M448 256h256v768h-256v-768z"
				],
				"width": 704,
				"grid": 0,
				"tags": [
					"pause"
				]
			},
			"properties": {
				"order": 8,
				"id": 3,
				"prevSize": 32,
				"code": 119077,
				"name": "pause",
				"ligatures": ""
			},
			"setIdx": 0,
			"iconIdx": 8
		},
		{
			"icon": {
				"paths": [
					"M128 384h128v-128h-256v256h128z",
					"M768 256v128h128v128h128v-256z",
					"M128 896v-128h-128v256h256v-128z",
					"M896 896h-128v128h256v-256h-128z",
					"M256 512h512v256h-512v-256z"
				],
				"grid": 0,
				"tags": [
					"normalscreen"
				]
			},
			"properties": {
				"order": 9,
				"id": 2,
				"prevSize": 32,
				"code": 9713,
				"name": "normalscreen",
				"ligatures": ""
			},
			"setIdx": 0,
			"iconIdx": 9
		},
		{
			"icon": {
				"paths": [
					"M128 384h128v-128h-256v256h128z",
					"M768 256v128h128v128h128v-256z",
					"M128 896v-128h-128v256h256v-128z",
					"M896 896h-128v128h256v-256h-128z",
					"M192 448h640v384h-640v-384z"
				],
				"grid": 0,
				"tags": [
					"fullscreen"
				]
			},
			"properties": {
				"order": 10,
				"id": 1,
				"prevSize": 32,
				"code": 9633,
				"name": "fullscreen",
				"ligatures": ""
			},
			"setIdx": 0,
			"iconIdx": 10
		},
		{
			"icon": {
				"paths": [
					"M0 256v768h1024v-768h-1024zM768 896h-512v-64h512v64zM896 768h-768v-64h768v64z"
				],
				"grid": 0,
				"tags": [
					"captions"
				]
			},
			"properties": {
				"order": 11,
				"id": 0,
				"prevSize": 32,
				"code": 1965,
				"name": "captions",
				"ligatures": ""
			},
			"setIdx": 0,
			"iconIdx": 11
		}
	],
	"height": 1024,
	"metadata": {
		"name": "videolayer",
		"designer": "Gordon Lambot",
		"designerURL": "http://www.gordonlambot.be"
	},
	"preferences": {
		"fontPref": {
			"prefix": "icon-",
			"metadata": {
				"fontFamily": "videolayer",
				"majorVersion": 1,
				"minorVersion": 0,
				"designer": "Gordon Lambot",
				"designerURL": "http://www.gordonlambot.be"
			},
			"showGlyphs": true,
			"metrics": {
				"emSize": 512,
				"baseline": 6.25,
				"whitespace": 50
			},
			"resetPoint": 58880,
			"showQuickUse": true,
			"quickUsageToken": false,
			"showMetrics": false,
			"showMetadata": false,
			"ie7": true,
			"showVersion": false
		},
		"imagePref": {
			"color": 0,
			"height": 32,
			"columns": 16,
			"margin": 16,
			"png": false,
			"sprites": true
		},
		"historySize": 100,
		"showCodes": true,
		"gridSize": 16,
		"showLiga": false,
		"showGrid": true,
		"showGlyphs": true,
		"showQuickUse": true,
		"search": ""
	}
}